component 0,Upload Image 1,component 2,Upload Image 2,output,flag,username,timestamp
描述一下图片的内容,/home/jovyan/lecture-notes/13-multimodal/flagged/Upload Image 1/13bc3a2d8daab11264810cef5a99fd5beae9e559/tmpjr9qjdcg.png,,,"图像展示的是一个关于机器学习中梯度下降算法的示意图。图中横坐标表示权重（w），纵坐标表示成本函数（J(w)）。成本函数呈U形，显示了从一个初始权重开始，如何通过跟随梯度（用虚线表示）下降，逐渐接近全局成本最小值（Global cost minimum J_min(w)）。

在图中，有一个大的圆点表示当前的权重位置，它上方的虚线表示该点的梯度方向。一系列带箭头的曲线表示梯度下降的路径，它们显示了权重是如何通过逐步减小成本函数的值来迭代更新的。箭头指示了迭代过程中权重更新的方向，即朝着成本最小值的方向移动。该图有效地描述了梯度下降算法在找到最优解过程中的工作方式。",,,2023-12-27 07:43:00.869737
"估计这桌菜的价格，地点北京
",/home/jovyan/lecture-notes/13-multimodal/flagged/Upload Image 1/14f2ae33800fab035671f217635233190af60d97/tmprqxshxk5.jpg,估计这桌菜的价格，地点北京,/home/jovyan/lecture-notes/13-multimodal/flagged/Upload Image 2/4158a8cd171e1adff552ef1be48e808463ddf752/tmprust0wb9.png,,,,2023-12-27 13:21:27.994891
这是北京一家中餐厅，这桌菜有哪些，按照你的理解这桌多少钱,/home/jovyan/lecture-notes/13-multimodal/flagged/Upload Image 1/ba23274b7c7d0cf0d481390f64a1f996820b6a74/tmp1cr7ykvf.jpg,,,"这张图片显示了一桌丰盛的中式美食。根据图片：

1. 北京烤鸭：通常包括薄薄的鸭皮和肉片，搭配小葱、黄瓜条、酱料以及薄饼。
2. 凉拌菜（可能是黄瓜或其他青菜）和蒜泥。
3. 一道红烧或糖醋类的肉菜。
4. 一个蔬菜沙拉，其中包括各种生菜和可能的调味料。
5. 炸鱼片或炸肉片。
6. 一大碗汤，具体口味无法从图片中判断。
7. 另外的小吃或者点心，包括一些块状物品可能是豆腐或者年糕。
8. 红酒一瓶。

北京的餐厅价格差异较大，从经济实惠的家常餐厅到高端的精致餐馆都有。假设这是一家中档或稍微高档的餐厅，而且根据菜品的分量和质量，这样一桌饭可能的价格可能在几百到上千人民币不等。具体的价格取决于餐厅的位置、装修水平以及菜品的品质。如果是高端豪华餐厅，价格可能更高。不过，缺乏确切的餐厅信息和菜品详情，这里只能给出一个大概的估计。",,,2023-12-27 13:26:14.006343
生成下面设计图对应的网站源码,/home/jovyan/lecture-notes/13-multimodal/flagged/Upload Image 1/3eb076f782445be468d9cf4da53b8d869eaf22fa/tmps8olaf9c.jpg,,,"The following is an example of HTML structure that could reflect the design you've provided in the image. Given that your design has several areas such as a banner, navigation bar, image gallery, and footer, I've included comments to indicate where each part starts. Note that this is a basic structure that provides the layout without any specific styling or responsive design:

```html
<!DOCTYPE html>
<html lang=""en"">
<head>
    <meta charset=""UTF-8"">
    <meta name=""viewport"" content=""width=device-width, initial-scale=1.0"">
    <title>Your Website Title</title>
    <style>
        /* Add your CSS styling here */
        body {
            font-family: Arial, sans-serif; /* Example font */
        }
        .header, .footer, .navigation, .banner, .main-content, .sidebar, .gallery {
            margin: 10px;
            padding: 10px;
            background: #ccc; /* Example background color */
        }
        .header, .footer, .banner {
            height: 100px; /* Example height */
        }
        .navigation {
            height: 50px; /* Example height */
        }
        .main-content {
            display: flex;
        }
        .sidebar {
            width: 30%; /* Example width */
        }
        /* You would continue to style each div as needed to match the mockup */
    </style>
</head>
<body>

    <!-- Header Section -->
    <div class=""header"">
        Header Content (Logo, etc.)
    </div>
    
    <!-- Navigation Bar -->
    <div class=""navigation"">
        Navigation Bar (Links, Search, etc.)
    </div>
    
    <!-- Banner Section -->
    <div class=""banner"">
        Banner Content
    </div>
    
    <!-- Main Content Section -->
    <div class=""main-content"">
        <!-- Sidebar -->
        <div class=""sidebar"">
            Sidebar Content (Links, Info, etc.)
        </div>
        
        <!-- Main Area -->
        <div class=""main-area"">
            <!-- Gallery -->
            <div class=""gallery"">
                Image Gallery (img tags within this div)
            </div>
            
            <!-- Additional Content -->
            <div>
                Additional content sections, text, etc.
            </div>
        </div>
    </div>
    
    <!-- Footer Section -->
    <div class=""footer"">
        Footer Content (Copyright, etc.)
    </div>

</body>
</html>
```

",,,2023-12-28 10:29:16.821285
